language,model,utterance_id,metric,score,ref_len,errors,audio_s,decode_s,rtf
fa,tiny,10039392309700583023,wer,0.8333,30,25,16.98,30.28,1.783
fa,tiny,10051486205118679596,wer,0.8000,15,12,11.22,2.57,0.229
fa,tiny,1010306930168345338,wer,0.9091,22,20,13.80,2.63,0.190
fa,tiny,10124979281588232806,wer,1.0303,33,34,18.84,4.72,0.251
fa,tiny,10129388121687242275,wer,0.7917,24,19,14.04,2.57,0.183
fa,tiny,10130894543333251273,wer,0.7368,19,14,10.74,1.82,0.170
fa,tiny,10140044754665750794,wer,0.8800,25,22,18.66,3.03,0.162
fa,tiny,10197441927924455618,wer,0.8889,27,24,13.02,2.74,0.211
fa,tiny,10199698364975966614,wer,2.0909,22,46,15.06,33.91,2.252
fa,tiny,10213981242266256621,wer,0.8333,18,15,13.80,2.61,0.189
fa,base,10039392309700583023,wer,0.8667,30,26,16.98,5.65,0.333
fa,base,10051486205118679596,wer,0.9333,15,14,11.22,3.80,0.338
fa,base,1010306930168345338,wer,0.9091,22,20,13.80,4.63,0.335
fa,base,10124979281588232806,wer,1.0909,33,36,18.84,6.46,0.343
fa,base,10129388121687242275,wer,0.7083,24,17,14.04,3.96,0.282
fa,base,10130894543333251273,wer,0.7895,19,15,10.74,3.87,0.360
fa,base,10140044754665750794,wer,0.8800,25,22,18.66,5.31,0.285
fa,base,10197441927924455618,wer,0.5926,27,16,13.02,4.55,0.350
fa,base,10199698364975966614,wer,0.8182,22,18,15.06,4.34,0.288
fa,base,10213981242266256621,wer,0.7778,18,14,13.80,3.80,0.275
